create database lab#05_7986;
use lab#05_7986
go

create table Users
(
User_ID int,
UserName varchar(20) primary key,
Age int,
Country varchar(20),
privacy int
)

go

INSERT [dbo].[users] (User_ID,[UserName], [Age], [Country],privacy) VALUES (1,N'Ali123', 18, N'Pakistan',1)
INSERT [dbo].[users] (User_ID,[UserName], [Age], [Country],privacy) VALUES (2,N'Aliza', 40, N'USA',1)
INSERT [dbo].[users] (User_ID,[UserName], [Age], [Country],privacy) VALUES (3,N'Aysha', 19, N'Iran',0)
INSERT [dbo].[users] (User_ID,[UserName], [Age], [Country],privacy) VALUES (4,N'DonaldTrump', 60, N'USA',0)
INSERT [dbo].[users] (User_ID,[UserName], [Age], [Country],privacy) VALUES (5,N'ImranKhan', 55, N'Pakistan',0)
INSERT [dbo].[users] (User_ID,[UserName], [Age], [Country],privacy) VALUES (6,N'Natasha', 28, N'USA',0)
INSERT [dbo].[users] (User_ID,[UserName], [Age], [Country],privacy) VALUES (7,N'Samuel', 37, N'Australia',0)
INSERT [dbo].[users] (User_ID,[UserName], [Age], [Country],privacy) VALUES (8,N'Sara', 30, N'Iran',1)



go

create table Following
(
FollowerUserName varchar(20) Foreign key References Users(UserName) ,
FollowedUserName varchar(20) Foreign key References Users(UserName),
primary key (FollowerUserName, FollowedUserName)
)

go

INSERT [dbo].[Following] ([FollowerUserName], [FollowedUserName]) VALUES (N'Ali123', N'DonaldTrump')
INSERT [dbo].[Following] ([FollowerUserName], [FollowedUserName]) VALUES (N'Aliza', N'Ali123')
INSERT [dbo].[Following] ([FollowerUserName], [FollowedUserName]) VALUES (N'Aliza', N'DonaldTrump')
INSERT [dbo].[Following] ([FollowerUserName], [FollowedUserName]) VALUES (N'Aliza', N'ImranKhan')
INSERT [dbo].[Following] ([FollowerUserName], [FollowedUserName]) VALUES (N'Aysha', N'ImranKhan')
INSERT [dbo].[Following] ([FollowerUserName], [FollowedUserName]) VALUES (N'DonaldTrump', N'ImranKhan')
INSERT [dbo].[Following] ([FollowerUserName], [FollowedUserName]) VALUES (N'ImranKhan', N'DonaldTrump')
INSERT [dbo].[Following] ([FollowerUserName], [FollowedUserName]) VALUES (N'Natasha', N'ImranKhan')
INSERT [dbo].[Following] ([FollowerUserName], [FollowedUserName]) VALUES (N'Samuel', N'DonaldTrump')
INSERT [dbo].[Following] ([FollowerUserName], [FollowedUserName]) VALUES (N'Samuel', N'ImranKhan')
INSERT [dbo].[Following] ([FollowerUserName], [FollowedUserName]) VALUES (N'Sara', N'DonaldTrump')

go

Create table Tweets
(
TweetID int primary key,
UserName varchar(20) Foreign key References Users(UserName),
[Text] varchar(140)
)

go

INSERT [dbo].[Tweets] ([TweetID], [UserName], [Text]) VALUES (1, N'Ali123', N'Pakistan’s largest-ever population #Census  starts today in 63 districts after 19 years. ')
INSERT [dbo].[Tweets] ([TweetID], [UserName], [Text]) VALUES (2, N'ImranKhan', N'Pakistan’s largest-ever population #Census  starts today in 63 districts after 19 years. ')
INSERT [dbo].[Tweets] ([TweetID], [UserName], [Text]) VALUES (3, N'Sara', N'Take the soldier who come to our door for #Census as A ThankYou from Pakistan Army for our devotion. #CensusWithSupportOfArmy')
INSERT [dbo].[Tweets] ([TweetID], [UserName], [Text]) VALUES (4, N'ImranKhan', N'Pakistan is going to experience 6th #Census 2017.')
INSERT [dbo].[Tweets] ([TweetID], [UserName], [Text]) VALUES (5, N'Sara', N'Only #census can reveal where this aunty lives ')
INSERT [dbo].[Tweets] ([TweetID], [UserName], [Text]) VALUES (6, N'ImranKhan', N'Quand tu te lèves 3h en avance (littéralement) pour la #massecritique ')
INSERT [dbo].[Tweets] ([TweetID], [UserName], [Text]) VALUES (7, N'Sara', N'Over 1 million decrypted Gmail and Yahoo accounts allegedly up for sale on the Dark Web https://geekz0ne.fr/shaarli/?wQRSoQ  #piratage')
INSERT [dbo].[Tweets] ([TweetID], [UserName], [Text]) VALUES (8, N'Sara', N'Harry pot-head and the Sorcerer''s stoned')
INSERT [dbo].[Tweets] ([TweetID], [UserName], [Text]) VALUES (9, N'DonaldTrump', N'LSDespicable Me  #DrugMovies')
INSERT [dbo].[Tweets] ([TweetID], [UserName], [Text]) VALUES (10, N'ImranKhan', N'Forrest Bump #DrugMovies @midnight')
INSERT [dbo].[Tweets] ([TweetID], [UserName], [Text]) VALUES (12, N'DonaldTrump', N'Quand tu te lèves 3h en avance (littéralement) pour la #massecritique ')
INSERT [dbo].[Tweets] ([TweetID], [UserName], [Text]) VALUES (13, N'Sara', N'#DrugMovies')
INSERT [dbo].[Tweets] ([TweetID], [UserName], [Text]) VALUES (14, N'DonaldTrump', N'Quand tu te lèves 3h en avance (littéralement) pour la #massecritique ')
INSERT [dbo].[Tweets] ([TweetID], [UserName], [Text]) VALUES (15, N'Aliza', N'Quand tu te lèves 3h en avance (littéralement) pour la #massecritique ')

go

Create table Likes
(
TweetID int Foreign key References Tweets(TweetID),
LikeByUserName varchar(20) Foreign key References Users(UserName),
LikeOnDate date
primary key (TweetID ,LikeByUserName)
)

GO
INSERT [dbo].[Likes] ([TweetID], [LikeByUserName], [LikeOnDate]) VALUES (1, N'Aliza', CAST(0x693C0B00 AS Date))
INSERT [dbo].[Likes] ([TweetID], [LikeByUserName], [LikeOnDate]) VALUES (2, N'Aliza', CAST(0x693C0B00 AS Date))
go

Create table Interests
(
InterestID int primary key,
[Description] varchar(30)
)

GO
INSERT [dbo].[Interests] ([InterestID], [Description]) VALUES (10, N'Politics')
INSERT [dbo].[Interests] ([InterestID], [Description]) VALUES (11, N'Sports')
INSERT [dbo].[Interests] ([InterestID], [Description]) VALUES (12, N'Movies')
INSERT [dbo].[Interests] ([InterestID], [Description]) VALUES (13, N'Education')
INSERT [dbo].[Interests] ([InterestID], [Description]) VALUES (14, N'Video Games')

go

create table UserInterests
(UserName varchar(20)  Foreign key References Users(UserName),
InterestID int Foreign key References Interests(InterestID)
primary key (UserName, InterestID)
 )
 
 GO
INSERT [dbo].[UserInterests] ([UserName], [InterestID]) VALUES (N'Ali123', 10)
INSERT [dbo].[UserInterests] ([UserName], [InterestID]) VALUES (N'Ali123', 11)
INSERT [dbo].[UserInterests] ([UserName], [InterestID]) VALUES (N'Ali123', 13)
INSERT [dbo].[UserInterests] ([UserName], [InterestID]) VALUES (N'Ali123', 14)
INSERT [dbo].[UserInterests] ([UserName], [InterestID]) VALUES (N'Aliza', 10)
INSERT [dbo].[UserInterests] ([UserName], [InterestID]) VALUES (N'Aliza', 11)
INSERT [dbo].[UserInterests] ([UserName], [InterestID]) VALUES (N'Aliza', 13)
INSERT [dbo].[UserInterests] ([UserName], [InterestID]) VALUES (N'Aliza', 14)
INSERT [dbo].[UserInterests] ([UserName], [InterestID]) VALUES (N'ImranKhan', 10)
 
 go

 Create table Hashtags
 (HashtagID int primary key,
 Hashtag varchar(30))
 
 GO
INSERT [dbo].[Hashtags] ([HashtagID], [Hashtag]) VALUES (1, N'#Census')
INSERT [dbo].[Hashtags] ([HashtagID], [Hashtag]) VALUES (2, N'#ClassiqueMatin')
INSERT [dbo].[Hashtags] ([HashtagID], [Hashtag]) VALUES (3, N'#MasseCritique')
INSERT [dbo].[Hashtags] ([HashtagID], [Hashtag]) VALUES (4, N'#piratage')
INSERT [dbo].[Hashtags] ([HashtagID], [Hashtag]) VALUES (5, N'#DrugMovies')

GO

Select * from Following
Select * from Hashtags
Select * from Interests
Select * from Tweets
Select * from UserInterests
Select * from Users
--(1)

SELECT MIN( age)
FROM Users;

SELECT MAX(age)
FROM users;

SELECT AVG(age)
FROM users;
SELECT STDEVP(age)
FROM Users;

--(2)

select Distinct top 2 FollowedUserName as UserName,count(*) as NoOfFollower from Users,Following group by UserName, FollowedUserName having username in
( select UserName from Users left join following on Users.UserName=following.FollowedUserName)order by NoOfFollower desc

--(3)

select Distinct top 1 FollowedUserName as UserName,count(*) as NoOfFollower from Users,Following group by UserName, FollowedUserName having username in
( select UserName from Users left join following on Users.UserName=following.FollowedUserName)order by NoOfFollower asc 

--(4)

SELECT Users.UserName from Users LEFT JOIN Tweets ON Users.UserName=Tweets.UserName WHERE Tweets.UserName IS NULL;


--(5)


SELECT Hashtags.Hashtag,Tweets.UserName, COUNT(*) as [noOfTimes] from Hashtags
 JOIN Tweets ON  Tweets.Text like '%'+ Hashtags.Hashtag+'%' GROUP BY Hashtag, UserName

 --(6)

 Select users.UserName from Users join
 Tweets on Tweets.UserName=Users.UserName
 join Hashtags on Tweets.Text like '%'+ Hashtags.Hashtag+'%'
  except
   Select users.UserName from Users join
 Tweets on Tweets.UserName=Users.UserName
 join Hashtags on Tweets.Text like '%'+ '#Census' +'%'

 --(7)
 --List all the usernames that have never been followed. Using Set operation

 select users.UserName
 from users 
 except
 select distinct FollowedUserName
 from Following

 --(8)

 SELECT UserName
FROM Users
WHERE Not Exists (
    SELECT DISTINCT FollowedUserName
    FROM Following where following.FollowedUserName = Users.UserName
);


--(9)
 
select distinct top 1 UserInterests.InterestID,count(*) from UserInterests join
Interests on UserInterests.InterestID=Interests.InterestID
group by UserInterests.InterestID
order by count(*) desc 

select distinct UserInterests.InterestID,count(*) from UserInterests join
Interests on UserInterests.InterestID=Interests.InterestID
group by UserInterests.InterestID
order by count(*) asc 

--(10)

Select users.UserName,Country,count(*) from users join 
tweets on tweets.UserName=Users.UserName
group by users.Country,users.UserName order by  count(*) desc 

--(11)

SELECT Users.UserName
FROM Users
JOIN (
    SELECT UserName, COUNT(*) AS TweetCount
    FROM Tweets
    GROUP BY UserName
) AS UserTweetCounts ON Users.UserName = UserTweetCounts.UserName
WHERE UserTweetCounts.TweetCount > (
    SELECT AVG(TweetCount)
    FROM (
        SELECT UserName, COUNT(*) AS TweetCount
        FROM Tweets
        GROUP BY UserName
    ) AS AvgTweetCounts
);


--(12)
--12. Give the name of the users who have 
--at least one follower from Pakistan.

select distinct FollowedUserName from following join 
users on FollowerUserName=UserName
group by Users.UserName,FollowedUserName,Country
having Country like 'Pakistan'

--(13)
select UserInterests.InterestID,count(*) as interest_counter,Interests.Description from UserInterests join
Interests on UserInterests.InterestID=Interests.InterestID
group by Description,UserInterests.InterestID order by count(*) desc
